classid,market_hash_name,type,icon_url
3186046283,Sticker | Natus Vincere (Holo) | Katowice 2019,Remarkable Sticker,https://steamcommunity-a.akamaihd.net/economy/image/i0CoZ81Ui0m-9KwlBY1L_18myuGuq1wfhWSaZgMttyVfPaERSR0Wqmu7LAocGJai0ki7VeTHjMGgIXSA7FVwptelsxbpQAv4oZ7v8S0V7qL8PaY0cvXLDGXDkLYi4bBtS37jxEp0tm7VzNv8di3EaQAmXsQkQPlK7EeX3oHm4w
3759394724,Patch | Copper Lambda,Exotic Patch,https://steamcommunity-a.akamaihd.net/economy/image/i0CoZ81Ui0m-9KwlBY1L_18myuGuq1wfhWSaZgMttyVfPaERSR0Wqmu7LAocGJW3z0i4VeWbwMuyMHOb5Fps7Mjk603kSSL5kpfs5Dpk4_OjaqBsH_OcHneV06Ahs7BtF3CwlB8m5mnSmYuhIniWOAJ0DcN4RrNc4RLpl9axNbuz5FaKlcsbmtzt-Ahg
310776948,SSG 08 | Blue Spruce (Field-Tested),Consumer Grade Sniper Rifle,https://steamcommunity-a.akamaihd.net/economy/image/i0CoZ81Ui0m-9KwlBY1L_18myuGuq1wfhWSaZgMttyVfPaERSR0Wqmu7LAocGIGz3UqlXOLrxM-vMGmW8VNxu5Dx60noTyLijZGwpR1I4M2jZ7d-H_2WCm6FzKAutOM6F3y2zU9yt2vUw9ivcS-SaAImXMR3ROQD50G-k4G1ML7m4QKKlcsbmiIZgEQm
5327976466,Sticker | Into The Breach (Holo) | Paris 2023,Exotic Sticker,https://steamcommunity-a.akamaihd.net/economy/image/i0CoZ81Ui0m-9KwlBY1L_18myuGuq1wfhWSaZgMttyVfPaERSR0Wqmu7LAocGJai0ki7VeTHjNqgJ3KEtwYnp8j9_lvYSRL9kdjjq3ZZt6v6aaI6JKHGWGHCwLp04LM4S33lwkx35DmGyNmpc3vBPw4gFNIuErSjWcKe
5327976268,Sticker | Fnatic (Holo) | Paris 2023,Exotic Sticker,https://steamcommunity-a.akamaihd.net/economy/image/i0CoZ81Ui0m-9KwlBY1L_18myuGuq1wfhWSaZgMttyVfPaERSR0Wqmu7LAocGJai0ki7VeTHjNqgJ3KEtwYnp8jy5E3kfhX-kpmupHAOt6SvbaBocKXDV2bFk-0gsrIxHi_rlk5w5z_Ww9uhdiqWalMhCIwwG7AaVbv4pQ
5327976938,Sticker | Monte (Holo) | Paris 2023,Exotic Sticker,https://steamcommunity-a.akamaihd.net/economy/image/i0CoZ81Ui0m-9KwlBY1L_18myuGuq1wfhWSaZgMttyVfPaERSR0Wqmu7LAocGJai0ki7VeTHjNqgJ3KEtwYnp8j55VfzfhX-kpmuriEIvfGrMaFpJvHFCDOTkLh15uI4H3qwkEUj5zzWzNevIHmVbwUgX4wwG7BDDkMFog
5327976360,Sticker | FURIA (Holo) | Paris 2023,Exotic Sticker,https://steamcommunity-a.akamaihd.net/economy/image/i0CoZ81Ui0m-9KwlBY1L_18myuGuq1wfhWSaZgMttyVfPaERSR0Wqmu7LAocGJai0ki7VeTHjNqgJ3KEtwYnp8jy_0vufhX-kpmuqHAL7ab2bqA9JfXGWGKSl-sn5bk_TnDjwhl-5W6Hyoyoc3nDO1AnC4wwG7CgRbYRkA
5327976317,Sticker | MOUZ (Holo) | Paris 2023,Exotic Sticker,https://steamcommunity-a.akamaihd.net/economy/image/i0CoZ81Ui0m-9KwlBY1L_18myuGuq1wfhWSaZgMttyVfPaERSR0Wqmu7LAocGJai0ki7VeTHjNqgJ3KEtwYnp8j55Uz9fhX-kpmurnEDv6v7OadsdaWSWzCRxegi5ucxGXvlzUt_4GrVyo2hJy6RZwB2XIwwG7Cil66NZg
3035634678,P250 | Vino Primo (Field-Tested),Restricted Pistol,https://steamcommunity-a.akamaihd.net/economy/image/i0CoZ81Ui0m-9KwlBY1L_18myuGuq1wfhWSaZgMttyVfPaERSR0Wqmu7LAocGIGz3UqlXOLrxM-vMGmW8VNxu5Dx60noTyLhzMOwwiVI0OL8PfRSI_iWDWyV09F7teVgWiT9wkt25WvXyN2rdnKSbgRyXpMlReULtxjql4XkY-LhtlCM2YNEn3qr2zQJsHi0fYnaHg
3035629503,MP7 | Fade (Minimal Wear),Restricted SMG,https://steamcommunity-a.akamaihd.net/economy/image/i0CoZ81Ui0m-9KwlBY1L_18myuGuq1wfhWSaZgMttyVfPaERSR0Wqmu7LAocGIGz3UqlXOLrxM-vMGmW8VNxu5Dx60noTyL8jsHf_CNk6fOqbZtgMKesAm6Xyfo45LQ7Fy3rzR536j6HyYn6J3zFaAcjA5RwQ-9fs0O5m93nMe2x5QHfjZUFk3sMNd5yQw
5327976251,Sticker | Fluxo (Holo) | Paris 2023,Exotic Sticker,https://steamcommunity-a.akamaihd.net/economy/image/i0CoZ81Ui0m-9KwlBY1L_18myuGuq1wfhWSaZgMttyVfPaERSR0Wqmu7LAocGJai0ki7VeTHjNqgJ3KEtwYnp8jy5kz_fhX-kpmuqyRY7fD8MPBudqLLXz_GkeovtuI_Hi3rlEUh4zyBntqsc33DZw8iAowwG7D_RpTQEQ
5721071034,MP7 | Just Smile (Minimal Wear),Restricted SMG,https://steamcommunity-a.akamaihd.net/economy/image/i0CoZ81Ui0m-9KwlBY1L_18myuGuq1wfhWSaZgMttyVfPaERSR0Wqmu7LAocGIGz3UqlXOLrxM-vMGmW8VNxu5Dx60noTyL8jsHf8DIM0Pi7e7BSM_2aAmKvzedxuPUnHXrkzU4i4z-Dno6sci3BaQApDpN4R-cCthnqx4W2MunhtgCI3d0QmzK-0H0MYFOvtA
310777118,Tec-9 | Army Mesh (Field-Tested),Consumer Grade Pistol,https://steamcommunity-a.akamaihd.net/economy/image/i0CoZ81Ui0m-9KwlBY1L_18myuGuq1wfhWSaZgMttyVfPaERSR0Wqmu7LAocGIGz3UqlXOLrxM-vMGmW8VNxu5Dx60noTyLlm5W5wjFL0P-re6xSIeKeF1idxOp_pewnGnzlzR5w42yDz9j7JXKSOFQjC5F0Qu4ItxS5wN3uPry24QaLit9HnDK-0H3LSYA00Q
6918233083,USP-S | Tropical Breeze (Field-Tested),Mil-Spec Grade Pistol,https://steamcommunity-a.akamaihd.net/economy/image/i0CoZ81Ui0m-9KwlBY1L_18myuGuq1wfhWSaZgMttyVfPaERSR0Wqmu7LAocGIGz3UqlXOLrxM-vMGmW8VNxu5Dx60noTyLkjYbf7itX6vytbbZSM_-WMXOCzv5_s-BlcCS2kRQyvnOEy4v6dnzDZ1IgWJFyFu4K5hLqktLuN-jrtASK3o1HxCr_iClO530-_a9cBiau7NtK
3235808954,"Music Kit | The Verkkars, EZ4ENCE",High Grade Music Kit,https://steamcommunity-a.akamaihd.net/economy/image/i0CoZ81Ui0m-9KwlBY1L_18myuGuq1wfhWSaZgMttyVfPaERSR0Wqmu7LAocGIijyEKzb_3d19nuIXOS81Nn_4z1-ErYEUy_ncG2pHQC66qtOfBsefHEWmTHkOgmtLRsSSq2w0ly4DvSmNipIy2TbRhgVMXK454YZg
6918200931,Galil AR | Robin's Egg (Minimal Wear),Industrial Grade Rifle,https://steamcommunity-a.akamaihd.net/economy/image/i0CoZ81Ui0m-9KwlBY1L_18myuGuq1wfhWSaZgMttyVfPaERSR0Wqmu7LAocGIGz3UqlXOLrxM-vMGmW8VNxu5Dx60noTyL2n5rp8SNJ0OGhbZt_L_KaAHSVxulJvOhuRz39kRl04ziAwouhInmTaQMlCcNxReFZ5xTqmtO1PuLntFDX3d8QyST_jjQJsHiwz7gI3Q
4141779349,Sir Bloody Darryl Royale | The Professionals,Master Agent,https://steamcommunity-a.akamaihd.net/economy/image/i0CoZ81Ui0m-9KwlBY1L_18myuGuq1wfhWSaZgMttyVfPaERSR0Wqmu7LAocGIa-2lmxU-LR0dnuNm6E8Vl45Iv181z1fgn8oYby8iRe_OGnZ6psLM-FD3WWkqAg6ec5THznk05-4jvXntz7JHjBOwYkDZAhQrZfskXuw9HiN-m3tAfclcsbmmRuIYiQ
4578724254,Chem-Haz Capitaine | Gendarmerie Nationale,Superior Agent,https://steamcommunity-a.akamaihd.net/economy/image/i0CoZ81Ui0m-9KwlBY1L_18myuGuq1wfhWSaZgMttyVfPaERSR0Wqmu7LAocGIa-2lmxU-LR0dnuNm6E8Vl45Iv181z1fh7lk6nn-Cxf7uCjbbZkJc-FD3WZwOBisq9tGnnhkxt0sTjcwtyrcnqXO1AgDZJyQbEMsxbqwIayZrnhswHfg4gU02yg2bd7mpZ0
3035691331,AK-47 | Safety Net (Field-Tested),Restricted Rifle,https://steamcommunity-a.akamaihd.net/economy/image/i0CoZ81Ui0m-9KwlBY1L_18myuGuq1wfhWSaZgMttyVfPaERSR0Wqmu7LAocGIGz3UqlXOLrxM-vMGmW8VNxu5Dx60noTyLwlcK3wipC0P-re6xSM_GVC3OJzvx3vuZscCS2kRQyvnPcyN76cXyQaVVyDMAjReEMthLrk9flY7i24VDZjYNBzXj333gYvytv_a9cBsE1mMMG
6498789714,2025 Service Medal,Extraordinary Collectible,https://steamcommunity-a.akamaihd.net/economy/image/i0CoZ81Ui0m-9KwlBY1L_18myuGuq1wfhWSaZgMttyVfPaERSR0Wqmu7LAocGJai2l-lQ8ndwMWvJjSE4ERj_YTx1VTiRRz9ocSwr3dk4-SiOeo8JanEVzHAl-gntOU9Gn-1zEV1sDzczdyhcH6VbgZyCZEhRLZZukO8jJS5YBQEsZO1
310776737,SSG 08 | Acid Fade (Factory New),Mil-Spec Grade Sniper Rifle,https://steamcommunity-a.akamaihd.net/economy/image/i0CoZ81Ui0m-9KwlBY1L_18myuGuq1wfhWSaZgMttyVfPaERSR0Wqmu7LAocGIGz3UqlXOLrxM-vMGmW8VNxu5Dx60noTyLijZGwpR1a7s2oaaBoH_eBD3SDze94tN5lRi67gVN05G3QzI6pIn2UOAYhDJMjEeANsBbtlYC2ZbvltA2P2I5FyHmq2Hka8G81tCngBDgW
6610970132,Premier Season One Medal,Extraordinary Collectible,https://steamcommunity-a.akamaihd.net/economy/image/i0CoZ81Ui0m-9KwlBY1L_18myuGuq1wfhWSaZgMttyVfPaERSR0Wqmu7LAocGJWk3ka5VeTr0M-gJnSZ9hll5oL541z1fg70n4Xv8x0K0PGhYapSJffdDTXIkb4m4rI8Gnq3lkQi5j7cwtn7I3ufPwUoX8BwQ-QPtkOxlYXuNfSiuVIwlMz5Qg
3114439193,StatTrak™ AK-47 | Asiimov (Minimal Wear),StatTrak™ Covert Rifle,https://steamcommunity-a.akamaihd.net/economy/image/i0CoZ81Ui0m-9KwlBY1L_18myuGuq1wfhWSaZgMttyVfPaERSR0Wqmu7LAocGIGz3UqlXOLrxM-vMGmW8VNxu5Dx60noTyLwlcK3wiFO0POlPPNSIeOaB2qf19F6ueZhW2e2wEt-t2jcytf6dymSO1JxA5oiRecLsRa5kIfkYr-241aLgotHz3-rkGoXuUp8oX57
310776642,M4A1-S | Boreal Forest (Minimal Wear),Industrial Grade Rifle,https://steamcommunity-a.akamaihd.net/economy/image/i0CoZ81Ui0m-9KwlBY1L_18myuGuq1wfhWSaZgMttyVfPaERSR0Wqmu7LAocGIGz3UqlXOLrxM-vMGmW8VNxu5Dx60noTyL8ypexwjFS4_ega6F_H_iKMWGf0-tlpN5rQDu2lBEYvzSCkpu3dyqVZgF1CJAhF7NYtULrlIa2M-Lh4wKMiYlDmyqrhygduCZs6-xXV71lpPMY7TF_eA
310777185,M4A4 | Urban DDPAT (Field-Tested),Industrial Grade Rifle,https://steamcommunity-a.akamaihd.net/economy/image/i0CoZ81Ui0m-9KwlBY1L_18myuGuq1wfhWSaZgMttyVfPaERSR0Wqmu7LAocGIGz3UqlXOLrxM-vMGmW8VNxu5Dx60noTyL8ypexwipC0PaqeKV5H-WBDFidxOp_pewnHi_rwBsjtz-DzN_9eXPEbFIlCcAjF-4MsRHtldTiN-vg5wLYjoNCmDK-0H1IKum4Wg
6195246388,Charm Detachment Pack,Base Grade Tool,https://steamcommunity-a.akamaihd.net/economy/image/i0CoZ81Ui0m-9KwlBY1L_18myuGuq1wfhWSaZgMttyVfPaERSR0Wqmu7LAocGJG51EejH_3R2smpNHKZ2kRw-Yji72bzThL9oYbh_ikVv6qqPPQ0JaOXCmWRl7shtbhsFnHlkxl16miGy477dnmQb1R2DpBzF_lK7EckGgI0TA
520040863,★ Butterfly Knife | Crimson Web (Field-Tested),★ Covert Knife,https://steamcommunity-a.akamaihd.net/economy/image/i0CoZ81Ui0m-9KwlBY1L_18myuGuq1wfhWSaZgMttyVfPaERSR0Wqmu7LAocGIGz3UqlXOLrxM-vMGmW8VNxu5Dx60noTyL6kJ_m-B1Z-ua6bbZrLOmsBn6v1ut0o95kSi26gBBp5GSEn9_8diiVbVV1CJJyReFc5kLtwYDlY-y34QDW2oJDxSX5iikf7jErvbjdpassNw
310780641,AWP | Pit Viper (Minimal Wear),Restricted Sniper Rifle,https://steamcommunity-a.akamaihd.net/economy/image/i0CoZ81Ui0m-9KwlBY1L_18myuGuq1wfhWSaZgMttyVfPaERSR0Wqmu7LAocGIGz3UqlXOLrxM-vMGmW8VNxu5Dx60noTyLwiYbf9Ttk_PyvY6F-K_mdMWuZxuZi_rQ_GS3mxRwk4jvTyNv6eC-RPQV1W5AlTOZb4xLtw9fuNriw51Hd3otbjXKp4cSTTIs
6216347811,Charm | Lil' Cap Gun,High Grade Charm,https://steamcommunity-a.akamaihd.net/economy/image/i0CoZ81Ui0m-9KwlBY1L_18myuGuq1wfhWSaZgMttyVfPaERSR0Wqmu7LAocGI6zwki4Uf_a0IW2MHqH6lhKpcj_6WbwURPOipPjpB1Y7uLgOfY1cKOVX2HIl70msuQ_Gn3lwURw5GXUyNetIi_EawIhWZcjTOcOtA74zINbStzEKA
3035569517,MP9 | Slide (Field-Tested),Consumer Grade SMG,https://steamcommunity-a.akamaihd.net/economy/image/i0CoZ81Ui0m-9KwlBY1L_18myuGuq1wfhWSaZgMttyVfPaERSR0Wqmu7LAocGIGz3UqlXOLrxM-vMGmW8VNxu5Dx60noTyL8js_f9Ttk_OKiabB5JeLAMWqVxedjva9rHC2wxU115DuEnon9eX_Cb1AmWJVwR-AC5Ea8ltbmNL7j41eIiNhC02yg2eAOtNMX
5199684085,AK-47 | Head Shot (Field-Tested),Covert Rifle,https://steamcommunity-a.akamaihd.net/economy/image/i0CoZ81Ui0m-9KwlBY1L_18myuGuq1wfhWSaZgMttyVfPaERSR0Wqmu7LAocGIGz3UqlXOLrxM-vMGmW8VNxu5Dx60noTyLwlcK3wiFO0POlV6xoIfSsHW-f1dF-v-1mcCS2kRQyvnPWn9egI3mWbA4kCZJxRbFf5haxwYHuYezntg2Ljt1Mnnr8jngfuHo__a9cBiDIU36L
310780482,M4A4 | Jungle Tiger (Minimal Wear),Industrial Grade Rifle,https://steamcommunity-a.akamaihd.net/economy/image/i0CoZ81Ui0m-9KwlBY1L_18myuGuq1wfhWSaZgMttyVfPaERSR0Wqmu7LAocGIGz3UqlXOLrxM-vMGmW8VNxu5Dx60noTyL8ypexwipC0OSRfK1qJeKsAm6Xyfo457AxHyznxBkmsWzcyYmoeXLCalR2D8R3E-8O5he9wIXmM7zr4QSP3pUFk3sDhAfDyg
520027600,P250 | Supernova (Factory New),Restricted Pistol,https://steamcommunity-a.akamaihd.net/economy/image/i0CoZ81Ui0m-9KwlBY1L_18myuGuq1wfhWSaZgMttyVfPaERSR0Wqmu7LAocGIGz3UqlXOLrxM-vMGmW8VNxu5Dx60noTyLhzMOwwiFO0PCnfLBoMuOEC2KE_uJ_t-l9AXzlwk5zsGnWz46uICjCPAZ2CZF0QO8LtBjtkNaxZrji7wbY2tkUySXgznQe4Iqu8Lg
4911081783,P250 | Visions (Battle-Scarred),Classified Pistol,https://steamcommunity-a.akamaihd.net/economy/image/i0CoZ81Ui0m-9KwlBY1L_18myuGuq1wfhWSaZgMttyVfPaERSR0Wqmu7LAocGIGz3UqlXOLrxM-vMGmW8VNxu5Dx60noTyLhzMOwwiVI0OL8PfRSNvmAB2ie0tF-teB_VmfizEpxtjzWz4qgdXOXOABxA8N3TOcCshO5ktzmMevk7wfdj4sWxCz-kGoXuaE1UBcJ
4578729274,StatTrak™ USP-S | Black Lotus (Battle-Scarred),StatTrak™ Mil-Spec Grade Pistol,https://steamcommunity-a.akamaihd.net/economy/image/i0CoZ81Ui0m-9KwlBY1L_18myuGuq1wfhWSaZgMttyVfPaERSR0Wqmu7LAocGIGz3UqlXOLrxM-vMGmW8VNxu5Dx60noTyLkjYbf7itX6vytbbZSI-WsG3SA_ux6seJicCW8gQg0jDWAm5ngb3iRPw9zA5V1F7IJtRDqkYK2Mu2xsVHbjYJFziWsjywfvyhj57xRVPE7uvqAWmJIOrg
3114142216,StatTrak™ Desert Eagle | Mecha Industries (Minimal Wear),StatTrak™ Classified Pistol,https://steamcommunity-a.akamaihd.net/economy/image/i0CoZ81Ui0m-9KwlBY1L_18myuGuq1wfhWSaZgMttyVfPaERSR0Wqmu7LAocGIGz3UqlXOLrxM-vMGmW8VNxu5Dx60noTyL1m5fn8Sdk6OGRbKFsJ_yWMWqVwuZ3j-1gSCGn20h042vSyY2tdyjCZwIlXJBxQeNe4EWxxoHkMOq0sQGIid5Fnyr42HtXrnE8p4gbgvE
2532006581,StatTrak™ CZ75-Auto | Tacticat (Minimal Wear),StatTrak™ Restricted Pistol,https://steamcommunity-a.akamaihd.net/economy/image/i0CoZ81Ui0m-9KwlBY1L_18myuGuq1wfhWSaZgMttyVfPaERSR0Wqmu7LAocGIGz3UqlXOLrxM-vMGmW8VNxu5Dx60noTyLyhMG1_B1c_M2tcvM4H-SSDXOZwu9ij-1gSCGn2x4k5zvVm9z8IH7FZwFyCJckR7NfshSwwNGyMLzn41fejINHn3r6jy5XrnE8D8_CCNo
3770702113,StatTrak™ MAC-10 | Disco Tech (Well-Worn),StatTrak™ Classified SMG,https://steamcommunity-a.akamaihd.net/economy/image/i0CoZ81Ui0m-9KwlBY1L_18myuGuq1wfhWSaZgMttyVfPaERSR0Wqmu7LAocGIGz3UqlXOLrxM-vMGmW8VNxu5Dx60noTyL8n5WxrR1Y-s2jaac8cM-dD2SCxNF7teVgWiT9xht3tWzXy9j_eXuWagAlXJVxFOcI4BK7ltXmP-rltgCPjYhEnCuqhzQJsHgdu4rIbA
4141778961,AWP | Exoskeleton (Battle-Scarred),Restricted Sniper Rifle,https://steamcommunity-a.akamaihd.net/economy/image/i0CoZ81Ui0m-9KwlBY1L_18myuGuq1wfhWSaZgMttyVfPaERSR0Wqmu7LAocGIGz3UqlXOLrxM-vMGmW8VNxu5Dx60noTyLwiYbf-jFk7uW-V6F1L-OYC2uV1eF4j-lsTj-q20ly42mDm9b_dHjDalJyApp3F-VYt0a8k4WzZeK24wSM2IxHmST23H9XrnE8h3sGsJ0
937248432,Galil AR | Eco (Well-Worn),Classified Rifle,https://steamcommunity-a.akamaihd.net/economy/image/i0CoZ81Ui0m-9KwlBY1L_18myuGuq1wfhWSaZgMttyVfPaERSR0Wqmu7LAocGIGz3UqlXOLrxM-vMGmW8VNxu5Dx60noTyL2n5rp8SNJ0PG7V6NsLPmfMWKTztF7teVgWiT9wBtzsDmEmdupJXjGZlQmA5JwRLIN5xC7k9y1Yey35lDa34lCxXn-jzQJsHiYTuEpwA
520031171,Glock-18 | Water Elemental (Battle-Scarred),Classified Pistol,https://steamcommunity-a.akamaihd.net/economy/image/i0CoZ81Ui0m-9KwlBY1L_18myuGuq1wfhWSaZgMttyVfPaERSR0Wqmu7LAocGIGz3UqlXOLrxM-vMGmW8VNxu5Dx60noTyL2kpnj9h1Y-s2pZKtuK72fB3aFxP11te99cCG2lAs-_WTRzoz9c3zDO1IkDMcmQe9cs0S9ldDlM-m0swGI3doXyXr4j3sd7Xl1o7FVLAlpDWE
1934438107,Tec-9 | Fuel Injector (Well-Worn),Classified Pistol,https://steamcommunity-a.akamaihd.net/economy/image/i0CoZ81Ui0m-9KwlBY1L_18myuGuq1wfhWSaZgMttyVfPaERSR0Wqmu7LAocGIGz3UqlXOLrxM-vMGmW8VNxu5Dx60noTyLlm5W5wiVI0Oara_1SM-WDC3WTye9kt-RtcCS2kRQyvnPQnoz7JXPFb1ciXMMmE7JfsEPqkIHhNuvjtQWIg4JEmX392HhN7C46_a9cBhuml-Bv
3113387522,StatTrak™ USP-S | Flashback (Factory New),StatTrak™ Restricted Pistol,https://steamcommunity-a.akamaihd.net/economy/image/i0CoZ81Ui0m-9KwlBY1L_18myuGuq1wfhWSaZgMttyVfPaERSR0Wqmu7LAocGIGz3UqlXOLrxM-vMGmW8VNxu5Dx60noTyLkjYbf7itX6vytbbZSI-WsG3SA_uh6sfJhTSiwniIrujqNjsH6dnKfbAdxAsF3ELQCu0Hsmty1N76z71GIit4RySX_2CJI6yk9tucLT-N7rUYlhjC0
519978412,UMP-45 | Indigo (Field-Tested),Consumer Grade SMG,https://steamcommunity-a.akamaihd.net/economy/image/i0CoZ81Ui0m-9KwlBY1L_18myuGuq1wfhWSaZgMttyVfPaERSR0Wqmu7LAocGIGz3UqlXOLrxM-vMGmW8VNxu5Dx60noTyLkk4a0qB1I4M2nZqBkJ_-sD2mU_ulktfhWQiy3nAgq_Wzdwt2hJyrFbQB0W8FwROII4EHskNGxMe2w4geN3YoRzS32jypOuCp1o7FVB_Wauzs
1560431541,USP-S | Lead Conduit (Minimal Wear),Mil-Spec Grade Pistol,https://steamcommunity-a.akamaihd.net/economy/image/i0CoZ81Ui0m-9KwlBY1L_18myuGuq1wfhWSaZgMttyVfPaERSR0Wqmu7LAocGIGz3UqlXOLrxM-vMGmW8VNxu5Dx60noTyLkjYbf7itX6vytbbZSJ-OsG3SA_vh5vPVoSCyMmRQguynLmNyrdimTZw4mW8cmE-ZYsxewkYaxZb6z5FbfjY8RyS__iXsc6S09sfFCD_RkYnnFtg
4839651211,Sticker | Cloud9 (Holo) | Antwerp 2022,Exotic Sticker,https://steamcommunity-a.akamaihd.net/economy/image/i0CoZ81Ui0m-9KwlBY1L_18myuGuq1wfhWSaZgMttyVfPaERSR0Wqmu7LAocGJai0ki7VeTHjMuvIWyS90YnpNWmpVq-fhX-kpmuriYC6faobP09cvHCWGXBxb115eM_H3_gxUkk4mrSztetdnvEPw8gD4wwG7Cs7CcIeA
4614639329,Sticker | Virtus.Pro (Holo) | Stockholm 2021,Remarkable Sticker,https://steamcommunity-a.akamaihd.net/economy/image/i0CoZ81Ui0m-9KwlBY1L_18myuGuq1wfhWSaZgMttyVfPaERSR0Wqmu7LAocGJai0ki7VeTHjNm1Onic7QQlpta7_EnYSRL9kdjh_3oOtqP2OKJvI6XEWzbElbwu4-U-H3DkwE0i5WyDn46vJX2QP1clFNIuEhvXTkRv
310776840,SCAR-20 | Contractor (Field-Tested),Consumer Grade Sniper Rifle,https://steamcommunity-a.akamaihd.net/economy/image/i0CoZ81Ui0m-9KwlBY1L_18myuGuq1wfhWSaZgMttyVfPaERSR0Wqmu7LAocGIGz3UqlXOLrxM-vMGmW8VNxu5Dx60noTyLinZfyr3Jk_P2ReKluH_2WCm6FzKAk4eQ9HnzlxEkm4jmGz4yrcCmXZwcoXMdyRbEI4xTrxNe2Nuvr5gDXlcsbmlOceO9R
4726103153,StatTrak™ USP-S | Ticket to Hell (Field-Tested),StatTrak™ Restricted Pistol,https://steamcommunity-a.akamaihd.net/economy/image/i0CoZ81Ui0m-9KwlBY1L_18myuGuq1wfhWSaZgMttyVfPaERSR0Wqmu7LAocGIGz3UqlXOLrxM-vMGmW8VNxu5Dx60noTyLkjYbf7itX6vytbbZSI-WsG3SA_vp5j-lsQyWMmBgjuiiI1I6qdH6fbgAoApFyRrJf4xnumoDnM-7j41Pbgt8TyCT72CxK6SttsrscEf1y0Tw_DYE
5537026493,"Music Kit | Valve, CS:GO",High Grade Music Kit,https://steamcommunity-a.akamaihd.net/economy/image/i0CoZ81Ui0m-9KwlBY1L_18myuGuq1wfhWSaZgMttyVfPaERSR0Wqmu7LAocGIijyEKzb_3d19nuI3qb81NKpNa66wu1Qx-mm8Kx-CYC6aD2bv0-IfPFWGHIkegh5LY4GXzlxU905W7UwsHpLywWgep6oQ
5537026494,Global Offensive Badge,Extraordinary Collectible,https://steamcommunity-a.akamaihd.net/economy/image/i0CoZ81Ui0m-9KwlBY1L_18myuGuq1wfhWSaZgMttyVfPaERSR0Wqmu7LAocGJai2l-lQ8ndwMWvJjSU6l97y4Tn7VapFB6kzsLmrXcP7vSvMfY_d6jAWTfHlLZ34rA4GXrnlkh052_TwomvdWXXMFHAFOJ0XQ
3035569253,Nova | Mandrel (Factory New),Consumer Grade Shotgun,https://steamcommunity-a.akamaihd.net/economy/image/i0CoZ81Ui0m-9KwlBY1L_18myuGuq1wfhWSaZgMttyVfPaERSR0Wqmu7LAocGIGz3UqlXOLrxM-vMGmW8VNxu5Dx60noTyL_kYDhwipC0Pa7a7B-H_eBC36vzedxuPUnS3DqzRsk4mvUwt2gcXLFPwZyDZZ0R-MM5xa4lNXvNurhsg2Kg94QxTK-0H0uEiuY9A
310777246,SG 553 | Waves Perforated (Field-Tested),Consumer Grade Rifle,https://steamcommunity-a.akamaihd.net/economy/image/i0CoZ81Ui0m-9KwlBY1L_18myuGuq1wfhWSaZgMttyVfPaERSR0Wqmu7LAocGIGz3UqlXOLrxM-vMGmW8VNxu5Dx60noTyLimcO1qx1I_826abRoH_ScGnSv1u9gtfJWQiy3nAgq_WjSzIn7dXiRbQBzA5smTbYO5hPsm4GxYui3tQSMidoQxXiqhnwa7np1o7FVFqHxgf0
1989275999,Sealed Graffiti | X-Axes (Princess Pink),Base Grade Graffiti,https://steamcommunity-a.akamaihd.net/economy/image/IzMF03bi9WpSBq-S-ekoE33L-iLqGFHVaU25ZzQNQcXdB2ozio1RrlIWFK3UfvMYB8UsvjiMXojflsZalyxSh31CIyHz2GZ-KuFpPsrTzBG0oPqID0v0ejjXPCTdUgprGbMPN2ve_GWg5LuRRDrOFOt_RApXf_NVoGFANciLakNr0YMKqDz2h0p6WBUnfspUfRq33n0DPaR4kSVHc5wDMioLvyI
5136977003,2023 Service Medal,Extraordinary Collectible,https://steamcommunity-a.akamaihd.net/economy/image/i0CoZ81Ui0m-9KwlBY1L_18myuGuq1wfhWSaZgMttyVfPaERSR0Wqmu7LAocGJai2l-lQ8ndwMWvJjSE4ERj_YTx1VTiRRz9ocSwr3Fk4-SiOepseKWRWmSUx79z6LVvFiqylkt14DyDm9j6eHqQag9yW5MjQeYOtUHujJS5YM7-cXn6
1989287213,Sealed Graffiti | Quickdraw (Desert Amber),Base Grade Graffiti,https://steamcommunity-a.akamaihd.net/economy/image/IzMF03bi9WpSBq-S-ekoE33L-iLqGFHVaU25ZzQNQcXdB2ozio1RrlIWFK3UfvMYB8UsvjiMXojflsZalyxSh31CIyHz2GZ-KuFpPsrTzBG0pveDD3n4YzKKKyWJTAduS-cKNT2P_2Gg5ryUEDnBQ7ooFgoMLPACp2cdP8zcOxpsh5lLpWL-lEtxEQQlZ8lSeR-30ykSNOV2myVC0CuAHQ
5327976226,Sticker | FURIA | Paris 2023,High Grade Sticker,https://steamcommunity-a.akamaihd.net/economy/image/i0CoZ81Ui0m-9KwlBY1L_18myuGuq1wfhWSaZgMttyVfPaERSR0Wqmu7LAocGJai0ki7VeTHjNqgJ3KEtwYnp8jy_0vuDxipzZfmpHoMv_H2PaVvd6LHXjCSmbgl5uMwG3yyzBgksTjSmNiqdimJLlh3Rji5ims
4302203396,Sticker | Vitality (Gold) | 2020 RMR,Extraordinary Sticker,https://steamcommunity-a.akamaihd.net/economy/image/i0CoZ81Ui0m-9KwlBY1L_18myuGuq1wfhWSaZgMttyVfPaERSR0Wqmu7LAocGJai0ki7VeTHjNisJynHtwY64o7g62bgThH10JLhpCMNvPH7bKBvIfGVWWLGlrt157RsG3vglhxxsj6EzNb_eCmSOwQ-Sswnbl7DBQo
4614639254,Sticker | FURIA (Holo) | Stockholm 2021,Remarkable Sticker,https://steamcommunity-a.akamaihd.net/economy/image/i0CoZ81Ui0m-9KwlBY1L_18myuGuq1wfhWSaZgMttyVfPaERSR0Wqmu7LAocGJai0ki7VeTHjNm1Onic7QQlpta77Ez1SCL5kZrvs3ULuKb6aqc0d6DBVzWSlrl04bcwG3HjzBgi5WrXzYmscHOeb1R1D8ZuBbldMH-MzUQ
4614639286,Sticker | G2 Esports (Holo) | Stockholm 2021,Remarkable Sticker,https://steamcommunity-a.akamaihd.net/economy/image/i0CoZ81Ui0m-9KwlBY1L_18myuGuq1wfhWSaZgMttyVfPaERSR0Wqmu7LAocGJai0ki7VeTHjNm1Onic7QQlpta77QvYSRL9kdi4rXpd7aWtOP07daXFXWTEk7t0s7E5Fyy1wx50tW_SmdmseCnGOg4nFNIuEleK5G18
5199656176,Sticker | Infinite Triangle (Holo),Remarkable Sticker,https://steamcommunity-a.akamaihd.net/economy/image/i0CoZ81Ui0m-9KwlBY1L_18myuGuq1wfhWSaZgMttyVfPaERSR0Wqmu7LAocGJai0ki7VeTHjMmuOHaC619h7dWkuAuoSBP3l5jp6Sdk--CnaapqLPWsBmiczqBwtbVrHivnwUUj4mrUmdiqIi2SOlN0C8R2FOAIsxa6wdS2PunitQbXlcsbmlt3fRZ3
5051655035,Sticker | Ninjas in Pyjamas (Gold) | Rio 2022,Extraordinary Sticker,https://steamcommunity-a.akamaihd.net/economy/image/i0CoZ81Ui0m-9KwlBY1L_18myuGuq1wfhWSaZgMttyVfPaERSR0Wqmu7LAocGJai0ki7VeTHjNioOinHtwQ6-o7k1V7oTRm_zcPkq3cN6aX8P_M8eaaXVjCUl-h05uA-GS_rkEkisT_Wn9r8dH_GaRhgVMXjUHtWAw
3186046275,Sticker | FURIA (Holo) | Katowice 2019,Remarkable Sticker,https://steamcommunity-a.akamaihd.net/economy/image/i0CoZ81Ui0m-9KwlBY1L_18myuGuq1wfhWSaZgMttyVfPaERSR0Wqmu7LAocGJai0ki7VeTHjMGgIXSA7FVwptelsxbhVA_4oZ7v8S0VtqT3P6c0JPaRDz_EwOsu5-U8SXjqxkp052jdnIyqJCmVOlN1DpAjRPlK7Ef24hHL1A
4302203051,Sticker | TYLOO (Foil) | 2020 RMR,Exotic Sticker,https://steamcommunity-a.akamaihd.net/economy/image/i0CoZ81Ui0m-9KwlBY1L_18myuGuq1wfhWSaZgMttyVfPaERSR0Wqmu7LAocGJai0ki7VeTHjNisJynHtwY64J741V_oSBG_nJTlqnoI7quoPaE-IaPEWjPBwOgv5rQ8Gn_mlEty52vSzN_7Ii7BPRhgVMVlLNWgKA
4614639244,Sticker | Team Spirit (Holo) | Stockholm 2021,Remarkable Sticker,https://steamcommunity-a.akamaihd.net/economy/image/i0CoZ81Ui0m-9KwlBY1L_18myuGuq1wfhWSaZgMttyVfPaERSR0Wqmu7LAocGJai0ki7VeTHjNm1Onic7QQlpta7-UnuUyL5kZrvsyNYv_CoaqFrJqGVWDDCxewu4-A7G3vhzBh04WmHw4n8JXPFP1NzW5RuBbldFz4cSfQ
4614639269,Sticker | FaZe Clan (Holo) | Stockholm 2021,Remarkable Sticker,https://steamcommunity-a.akamaihd.net/economy/image/i0CoZ81Ui0m-9KwlBY1L_18myuGuq1wfhWSaZgMttyVfPaERSR0Wqmu7LAocGJai0ki7VeTHjNm1Onic7QQlpta77Fj9RCL5kZrvs3cCu6D3aaE4dfbCWGPEwugl6bI5HXzrl0l04WTRwtygJ3yVZwchDZZuBbldUGehGvU
1989302819,Sealed Graffiti | GGWP (Wire Blue),Base Grade Graffiti,https://steamcommunity-a.akamaihd.net/economy/image/IzMF03bi9WpSBq-S-ekoE33L-iLqGFHVaU25ZzQNQcXdB2ozio1RrlIWFK3UfvMYB8UsvjiMXojflsZalyxSh31CIyHz2GZ-KuFpPsrTzBG0puWyTCa5ODKcLnfaGAoxHLYMNG-LrTCiseXBSjDIQuopRl1XePFQ9TVMb5yLOAx9itAdqGq0mFZwCxo8e9VKaVLtyHVGM--myQgPwg
5051655220,Sticker | Outsiders (Glitter) | Rio 2022,Remarkable Sticker,https://steamcommunity-a.akamaihd.net/economy/image/i0CoZ81Ui0m-9KwlBY1L_18myuGuq1wfhWSaZgMttyVfPaERSR0Wqmu7LAocGJai0ki7VeTHjNioOinHtwQ6-5Lg1V7rSAnlm4SurSNZvvCsOvxsdvGXCmSRxesmsuJsGiqxkU0m5W2GmdavJ3mQb1dxDYwwG7CYupWVNg
5051655192,Sticker | Cloud9 (Glitter) | Rio 2022,Remarkable Sticker,https://steamcommunity-a.akamaihd.net/economy/image/i0CoZ81Ui0m-9KwlBY1L_18myuGuq1wfhWSaZgMttyVfPaERSR0Wqmu7LAocGJai0ki7VeTHjNioOinHtwQ6997L7VXuVQn0jNjmryNZ66aoP6c0cvKQWGHClLsntrExHXC1zRtz4jmByd2qd3uRbAUiFNIuEmvFGdn-
1989300011,Sealed Graffiti | Backstab (Desert Amber),Base Grade Graffiti,https://steamcommunity-a.akamaihd.net/economy/image/IzMF03bi9WpSBq-S-ekoE33L-iLqGFHVaU25ZzQNQcXdB2ozio1RrlIWFK3UfvMYB8UsvjiMXojflsZalyxSh31CIyHz2GZ-KuFpPsrTzBG0qeODGEv1fSPQKjPfEEcmH7YINjvZqzfwseTHFDmYQe4vQFgEdacCoTZPP5uLOxtp0tRe_DHslAptEBFuccpKfx2233gHOK0p0XwTIJNRmnA7khBMLA
1989286467,Sealed Graffiti | 8-Ball (Bazooka Pink),Base Grade Graffiti,https://steamcommunity-a.akamaihd.net/economy/image/IzMF03bi9WpSBq-S-ekoE33L-iLqGFHVaU25ZzQNQcXdB2ozio1RrlIWFK3UfvMYB8UsvjiMXojflsZalyxSh31CIyHz2GZ-KuFpPsrTzBG0qe6yGX3wYCPGLi3VUlttSuJeZzvZ_jr3s-idSj3BRLorRQoGeaZWozBNO8-ONhA_0tIM_DL2h0p6WBUnfspUfRq33n0DPaR4yiBEfclQ19bMeUY
1989279141,Sealed Graffiti | NaCl (Shark White),Base Grade Graffiti,https://steamcommunity-a.akamaihd.net/economy/image/IzMF03bi9WpSBq-S-ekoE33L-iLqGFHVaU25ZzQNQcXdB2ozio1RrlIWFK3UfvMYB8UsvjiMXojflsZalyxSh31CIyHz2GZ-KuFpPsrTzBG0suOBCG25PjKdLnPaHV07GbRZM2GPrDf25eTCQ2mfRekoSwpXeKdR9GQfOpiIbQx9itAdqGq0mFZwCxo8e9VKaVK4m3dCMuyN8qykzg
4249616005,2021 Service Medal,Extraordinary Collectible,https://steamcommunity-a.akamaihd.net/economy/image/i0CoZ81Ui0m-9KwlBY1L_18myuGuq1wfhWSaZgMttyVfPaERSR0Wqmu7LAocGJai2l-lQ8ndwMWvJjSE4ERj_YTx1VTiRRz9ocSwr3Nk4-SiOeo7cKmWXWXCkehz6eRrF33hwUlz4TuGw9mhIHjEbwQpDcF2QOZYsxTtjJS5YKJItdoj
1989275831,Graffiti | Speechless (Shark White),Base Grade Graffiti,https://steamcommunity-a.akamaihd.net/economy/image/IzMF03bi9WpSBq-S-ekoE33L-iLqGFHVaU25ZzQNQcXdB2ozio1RrlIWFK3UfvMYB8UsvjiMXojflsZalyxSh31CIyHz2GZ-KuFpPsrTzBG0pO-CI3blaT7KIyTKDxAwTOdYN2mNq2Wm47nFQGmaE-F4EAoBeqMD8mVIP8GAOEY40dRYqTC62VRzGVArfclJYgKuxmAaIbE8lSJDJpoBmN92qXDD
4354108672,Diamond Operation Broken Fang Coin,Extraordinary Collectible,https://steamcommunity-a.akamaihd.net/economy/image/i0CoZ81Ui0m-9KwlBY1L_18myuGuq1wfhWSaZgMttyVfPaERSR0Wqmu7LAocGJai2l-lQ8ndwMWvJjSY9VNn9ZP95VfYEE3Ojprh6StV-v_gavVueKjGWT_Axbgk5uA6TXu3xR8kt23dw46rIy6QbQdxX5dzQ-FesA74zIOsL8CSiQ
3715522363,2020 Service Medal,Extraordinary Collectible,https://steamcommunity-a.akamaihd.net/economy/image/i0CoZ81Ui0m-9KwlBY1L_18myuGuq1wfhWSaZgMttyVfPaERSR0Wqmu7LAocGJai2l-lQ8ndwMWvJjSE4ERj_YTx1VTiRRz9ocSwr3Jk4-SiOupseaHLCjTDx-gvsecxGS3ml0ohtj7Ty9ascXmfPFMmA5NxEO8ItBXpjJS5YLT-2ZlD
3134148842,2019 Service Medal,Extraordinary Collectible,https://steamcommunity-a.akamaihd.net/economy/image/i0CoZ81Ui0m-9KwlBY1L_18myuGuq1wfhWSaZgMttyVfPaERSR0Wqmu7LAocGJai2l-lQ8ndwMWvJjSE4ERj_YTx1VTiRRz9ocSwrHtk4-SiOeo5JqjACzfJlO934bkxGyrllEV_6z7Xmd2qJ3OUblQmApByQuEJ50a5jJS5YKbGWXGL
3117298605,10 Year Veteran Coin,Extraordinary Collectible,https://steamcommunity-a.akamaihd.net/economy/image/i0CoZ81Ui0m-9KwlBY1L_18myuGuq1wfhWSaZgMttyVfPaERSR0Wqmu7LAocGJai2l-lQ8ndwMWvJjTGtU9w9ZX35VDpD06pzJCypXJY6_SsP_M-c6PKWTCSle1w57FsHyiykER14WzRmIupdSmJLlh35U0JzaI
3106076676,Loyalty Badge,Extraordinary Collectible,https://steamcommunity-a.akamaihd.net/economy/image/i0CoZ81Ui0m-9KwlBY1L_18myuGuq1wfhWSaZgMttyVfPaERSR0Wqmu7LAocGJai2l-lQ8ndwMWvJjSH91948bj2613gRFPzypS1qSQJ6vesOPE8cfKSW2TGxLwmsuM9Si-xxE5-t2vXn9v9cn7GcEZ-Xbz0mydz
2664533628,2018 Service Medal,Extraordinary Collectible,https://steamcommunity-a.akamaihd.net/economy/image/i0CoZ81Ui0m-9KwlBY1L_18myuGuq1wfhWSaZgMttyVfPaERSR0Wqmu7LAocGJai2l-lQ8ndwMWvJjSE4ERj_YTx1VTiRRz9ocSwrHpk4-SiOeo5eaSVWzPExbhw5bExGS_kzBsi5GWEzdivI3yTPVMhCsEjTO4PshjpjJS5YDQ1HNEn
1989275158,Graffiti | QQ (Shark White),Base Grade Graffiti,https://steamcommunity-a.akamaihd.net/economy/image/IzMF03bi9WpSBq-S-ekoE33L-iLqGFHVaU25ZzQNQcXdB2ozio1RrlIWFK3UfvMYB8UsvjiMXojflsZalyxSh31CIyHz2GZ-KuFpPsrTzBG0pO-CI3DyeyfFJjOXSF1tHrFfZG7fq2Hwt7iURT_AFeh4Eg9QevENpDJKO83aORQ9gNRe_iuomUM7HRkkfddLZQOvw2QfKOAmmSJDJprm9Jda8Q
1989270723,Graffiti | Loser (Battle Green),Base Grade Graffiti,https://steamcommunity-a.akamaihd.net/economy/image/IzMF03bi9WpSBq-S-ekoE33L-iLqGFHVaU25ZzQNQcXdB2ozio1RrlIWFK3UfvMYB8UsvjiMXojflsZalyxSh31CIyHz2GZ-KuFpPsrTzBG0qeODGEv7ZyTBPW-KTQk5TrdZPG7Yqzbw7OWUQD7JRr0kEgBXKaNS8mJBO8-PbBI8gIAD5XW2kAJ-ERonYMhTfBuy2ngKbOp9kSVHdtTY9sAM
1989274104,Graffiti | Heart (Blood Red),Base Grade Graffiti,https://steamcommunity-a.akamaihd.net/economy/image/IzMF03bi9WpSBq-S-ekoE33L-iLqGFHVaU25ZzQNQcXdB2ozio1RrlIWFK3UfvMYB8UsvjiMXojflsZalyxSh31CIyHz2GZ-KuFpPsrTzBG0qeeMDmC5bDbHf3aNHQk6TbMLZzrcqmH04ruQQz7PQe4tRQBXL6VV9TFPNJiAPwx9itAdqGq0mFZwCxo8e9VKaVK5myAXZblPlH3cdQ
778383679,5 Year Veteran Coin,Extraordinary Collectible,https://steamcommunity-a.akamaihd.net/economy/image/i0CoZ81Ui0m-9KwlBY1L_18myuGuq1wfhWSaZgMttyVfPaERSR0Wqmu7LAocGJai2l-lQ8ndwMWvJjTC_FN05oT741epGR73mMHmpXEO7aT2bfE9I_KVCDTGx7gj4LE5F3iykU504TvVnN7_JWXXMFEPozcG1w
